"Date","Price","Open","High","Low","Vol.","Change %"
"04/05/2024","940.60","946.60","947.50","926.90","","-1.26%"
"04/04/2024","952.60","953.30","958.20","942.10","","0.64%"
"04/03/2024","946.50","937.50","953.20","927.80","","1.31%"
"04/02/2024","934.30","914.40","942.20","912.80","36.25K","2.51%"
"04/01/2024","911.40","922.70","928.70","905.00","","-1.40%"
"03/31/2024","924.35","922.80","926.85","922.15","","0.15%"
"03/29/2024","923.00","923.00","923.00","923.00","","0.21%"
"03/28/2024","921.10","911.20","923.80","904.30","25.09K","1.25%"
"03/27/2024","909.70","917.30","919.80","900.20","","-0.89%"
"03/26/2024","917.90","917.30","922.95","913.15","","-0.12%"
"03/25/2024","919.00","907.90","925.50","906.80","24.80K","0.89%"
"03/24/2024","910.90","907.65","911.40","907.00","","1.39%"
"03/22/2024","898.40","911.30","913.70","896.40","","-1.60%"
"03/21/2024","913.00","911.30","922.30","908.60","39.21K","1.51%"
"03/20/2024","899.40","898.90","913.70","891.50","38.43K","-0.19%"
"03/19/2024","901.10","920.00","920.30","895.90","41.58K","-2.18%"
"03/18/2024","921.20","941.60","942.80","918.60","32.81K","-2.15%"
"03/17/2024","941.45","944.00","944.00","939.70","","-0.22%"
"03/15/2024","943.50","932.00","958.90","928.20","33.42K","0.83%"
"03/14/2024","935.70","945.60","948.00","930.10","29.94K","-0.97%"
"03/13/2024","944.90","928.20","946.50","925.80","29.37K","1.80%"
"03/12/2024","928.20","942.10","943.20","915.40","41.08K","-1.31%"
"03/11/2024","940.50","917.50","944.70","917.00","37.02K","2.17%"
"03/10/2024","920.50","917.05","920.90","917.05","","0.62%"
"03/08/2024","914.80","925.50","931.80","911.30","33.33K","-0.93%"
"03/07/2024","923.40","913.40","930.50","908.70","33.40K","0.98%"
"03/06/2024","914.40","886.30","916.80","884.50","35.69K","3.07%"
"03/05/2024","887.20","902.90","904.00","884.00","30.84K","-1.89%"
"03/04/2024","904.30","892.30","907.50","887.60","30.02K","1.64%"
"03/03/2024","889.75","891.55","895.40","889.45","","0.20%"
"03/01/2024","888.00","883.80","893.10","870.10","38.75K","0.45%"
"02/29/2024","884.00","883.50","893.60","879.00","24.81K","-0.12%"
"02/28/2024","885.10","896.60","897.20","881.70","23.74K","-0.76%"
"02/27/2024","891.90","880.10","894.70","879.90","0.11K","1.72%"
"02/26/2024","876.80","901.90","903.60","876.70","0.03K","-3.06%"
"02/25/2024","904.50","907.10","907.70","904.50","","-0.26%"
"02/23/2024","906.90","897.90","904.20","897.80","0.05K","0.15%"
"02/22/2024","905.50","889.80","909.60","888.60","","1.79%"
"02/21/2024","889.60","910.20","916.20","886.80","","-2.70%"
"02/20/2024","914.30","914.20","921.70","900.60","33.51K","0.96%"
"02/19/2024","905.65","912.95","917.90","903.75","","-0.83%"
"02/18/2024","913.20","914.70","915.40","912.25","","-0.03%"
"02/16/2024","913.50","905.30","917.00","894.20","","0.92%"
"02/15/2024","905.20","897.50","910.20","893.70","","0.88%"
"02/14/2024","897.30","878.80","903.60","876.80","","2.09%"
"02/13/2024","878.90","896.90","906.80","874.20","","-2.03%"
"02/12/2024","897.10","880.90","900.60","878.30","","1.75%"
"02/11/2024","881.65","880.35","881.95","878.30","","0.39%"
"02/09/2024","878.20","895.60","899.00","873.30","","-1.77%"
"02/08/2024","894.00","886.90","895.90","877.50","","0.80%"
"02/07/2024","886.90","912.10","914.80","884.70","","-2.71%"
"02/06/2024","911.60","904.55","915.35","899.75","","0.90%"
"02/05/2024","903.50","901.60","910.70","897.20","","-0.09%"
"02/04/2024","904.30","901.35","904.95","900.30","","0.30%"
"02/02/2024","901.60","922.20","933.80","899.20","","-2.24%"
"02/01/2024","922.30","928.40","932.30","910.20","","-1.10%"
"01/31/2024","932.60","933.50","944.00","925.00","","0.10%"
"01/30/2024","931.70","939.00","940.00","922.10","","-0.70%"
"01/29/2024","938.30","921.70","940.60","916.00","","2.09%"
"01/28/2024","919.05","921.55","924.40","918.20","","-0.24%"
"01/26/2024","921.30","898.40","924.90","896.50","","3.00%"
"01/25/2024","894.50","908.80","911.50","892.50","","-2.23%"
"01/24/2024","914.90","908.50","922.10","906.60","","1.04%"
"01/23/2024","905.50","900.10","917.10","900.10","","0.28%"
"01/22/2024","903.00","909.40","913.20","899.70","","-0.54%"
"01/21/2024","907.90","907.75","909.30","905.90","","0.10%"
"01/19/2024","907.00","916.40","924.00","900.80","","-0.55%"
"01/18/2024","912.00","891.10","916.50","889.90","","2.52%"
"01/17/2024","889.60","904.20","906.50","883.20","","-1.64%"
"01/16/2024","904.40","917.00","926.70","901.60","","-1.84%"
"01/15/2024","921.35","917.90","926.70","916.95","","0.39%"
"01/14/2024","917.80","916.85","919.00","916.30","","-0.36%"
"01/12/2024","921.10","924.40","946.60","914.00","","0.16%"
"01/11/2024","919.60","929.40","941.70","918.00","","-1.08%"
"01/10/2024","929.60","941.90","948.00","926.00","","-1.47%"
"01/09/2024","943.50","956.80","963.70","940.70","","-1.66%"
"01/08/2024","959.40","971.30","976.80","955.10","","-1.24%"
"01/07/2024","971.40","973.35","973.45","970.50","","-0.04%"
"01/05/2024","971.80","968.40","981.80","953.90","","0.57%"
"01/04/2024","966.30","986.40","988.20","964.20","","-2.11%"
"01/03/2024","987.10","996.90","1,001.30","976.20","","-1.12%"
"01/02/2024","998.30","1,006.60","1,015.10","993.20","","-0.78%"
"01/01/2024","1,006.15","1,005.65","1,007.25","1,005.00","","-0.30%"
"12/29/2023","1,009.20","1,022.60","1,026.60","1,004.80","18.53K","-1.37%"
"12/28/2023","1,023.20","1,014.40","1,031.00","1,009.10","","0.96%"
"12/27/2023","1,013.50","998.00","1,016.85","989.70","","1.80%"
"12/26/2023","995.60","992.20","1,001.60","987.50","","0.48%"
"12/25/2023","990.80","991.25","992.75","990.50","","0.92%"
"12/22/2023","981.80","971.50","988.60","965.50","","1.19%"
"12/21/2023","970.30","966.70","975.00","955.00","26.55K","-0.38%"
"12/20/2023","974.00","963.30","976.10","953.50","30.01K","0.85%"
"12/19/2023","965.80","953.50","968.00","945.20","25.86K","1.21%"
"12/18/2023","954.30","947.70","964.30","944.30","26.23K","0.91%"
"12/17/2023","945.65","948.00","949.50","945.65","","-0.73%"
"12/15/2023","952.60","966.30","973.20","943.50","38.07K","-1.58%"
"12/14/2023","967.90","943.10","971.30","940.10","42.83K","4.97%"
"12/13/2023","922.10","935.30","944.20","920.10","32.25K","-0.96%"
"12/12/2023","931.00","915.80","935.60","912.50","30.17K","1.67%"
"12/11/2023","915.70","920.50","931.80","914.20","20.16K","-0.99%"
"12/10/2023","924.85","922.05","925.05","920.80","","0.55%"
"12/08/2023","919.80","912.40","929.80","909.40","25.02K","0.86%"
"12/07/2023","912.00","892.30","919.10","890.00","26.88K","2.05%"
"12/06/2023","893.70","905.70","916.50","890.40","27.70K","-1.42%"
"12/05/2023","906.60","923.20","926.50","899.50","28.08K","-2.00%"
"12/04/2023","925.10","943.00","949.60","916.00","27.28K","-2.19%"
"12/03/2023","945.80","937.60","949.60","937.60","","1.04%"
"12/01/2023","936.10","933.20","943.10","923.20","23.11K","0.02%"
"11/30/2023","935.90","939.60","947.00","927.00","24.65K","-0.58%"
"11/29/2023","941.40","949.30","954.70","929.60","23.08K","-0.35%"
"11/28/2023","944.70","921.10","936.60","921.10","0.07K","2.91%"
"11/27/2023","918.00","931.80","938.10","914.40","0.05K","-1.84%"
"11/26/2023","935.25","939.95","939.95","934.60","","0.31%"
"11/24/2023","932.40","929.20","931.30","916.90","0.02K","0.95%"
"11/23/2023","923.60","931.70","936.50","920.60","","-0.24%"
"11/22/2023","925.80","935.70","941.90","923.20","0.04K","-1.66%"
"11/21/2023","941.40","921.10","942.00","921.10","0.02K","1.95%"
"11/20/2023","923.40","903.40","922.00","902.00","0.01K","2.60%"
"11/19/2023","900.00","904.70","904.75","899.95","","-0.55%"
"11/17/2023","905.00","898.30","913.70","895.70","","0.73%"
"11/16/2023","898.40","901.20","909.10","894.40","","-0.32%"
"11/15/2023","901.25","890.70","908.10","886.50","","1.18%"
"11/14/2023","890.70","869.60","895.55","868.60","","3.14%"
"11/13/2023","863.60","845.80","868.80","844.60","","1.74%"
"11/12/2023","848.85","845.65","849.00","845.65","","0.38%"
"11/10/2023","845.60","863.50","864.70","843.10","","-2.16%"
"11/09/2023","864.30","874.80","877.90","859.65","","-0.83%"
"11/08/2023","871.50","898.60","900.50","870.90","","-3.01%"
"11/07/2023","898.55","914.25","915.40","896.95","","-2.08%"
"11/06/2023","917.60","941.60","943.00","912.70","","-2.10%"
"11/05/2023","937.30","941.35","942.25","936.90","","-0.39%"
"11/03/2023","940.95","931.10","945.65","930.35","","1.11%"
"11/02/2023","930.60","931.50","942.10","919.90","","-0.46%"
"11/01/2023","934.90","941.95","942.70","925.60","","-1.06%"
"10/31/2023","944.90","943.00","951.80","937.60","","0.53%"
"10/30/2023","939.90","911.40","943.60","907.00","","3.24%"
"10/29/2023","910.40","912.20","913.00","909.30","","0.99%"
"10/27/2023","901.50","909.30","913.80","902.30","0.03K","-0.83%"
"10/26/2023","909.00","913.00","920.40","900.60","","-0.37%"
"10/25/2023","912.40","892.50","917.00","885.00","26.65K","2.30%"
"10/24/2023","891.90","902.80","908.80","886.90","","-1.45%"
"10/23/2023","905.00","903.70","907.80","894.50","","0.38%"
"10/22/2023","901.60","905.25","905.25","900.60","","-0.39%"
"10/20/2023","905.10","899.90","913.20","893.70","","0.77%"
"10/19/2023","898.20","891.50","903.20","882.00","","0.44%"
"10/18/2023","894.30","904.30","914.70","885.80","","-1.31%"
"10/17/2023","906.20","899.50","909.50","894.50","","0.76%"
"10/16/2023","899.40","888.70","900.60","879.10","","1.03%"
"10/15/2023","890.20","887.90","891.05","886.00","","0.68%"
"10/13/2023","884.20","872.30","891.30","867.90","23.66K","0.96%"
"10/12/2023","875.80","895.90","902.60","871.10","24.15K","-1.93%"
"10/11/2023","893.00","887.90","896.00","879.00","","0.31%"
"10/10/2023","890.20","893.40","899.30","885.50","","0.16%"
"10/09/2023","888.80","884.60","896.90","877.50","","0.79%"
"10/08/2023","881.85","884.85","890.20","877.65","","0.04%"
"10/06/2023","881.50","867.60","888.90","856.80","","2.20%"
"10/05/2023","862.50","872.80","879.40","860.70","","-1.34%"
"10/04/2023","874.20","877.10","884.80","865.80","","-0.61%"
"10/03/2023","879.60","886.10","890.40","875.00","26.10K","-0.81%"
"10/02/2023","886.80","916.20","921.60","884.80","","-3.50%"
"10/01/2023","919.00","915.25","919.50","915.25","","0.34%"
"09/29/2023","915.90","916.10","935.50","912.10","","0.09%"
"09/28/2023","915.10","897.30","917.70","894.10","","2.10%"
"09/27/2023","896.30","913.50","918.80","890.90","","-1.96%"
"09/26/2023","914.20","922.40","923.00","907.90","","-1.02%"
"09/25/2023","923.60","939.90","941.10","920.20","","-1.58%"
"09/24/2023","938.40","941.00","941.10","937.55","","0.46%"
"09/22/2023","934.10","924.50","947.10","924.30","","1.03%"
"09/21/2023","924.60","933.30","933.50","916.90","","-1.88%"
"09/20/2023","942.30","946.50","949.60","931.50","29.06K","-0.64%"
"09/19/2023","948.40","939.20","955.00","934.00","27.70K","1.08%"
"09/18/2023","938.30","930.70","941.20","930.70","27.48K","0.64%"
"09/17/2023","932.35","931.35","932.55","930.90","","0.31%"
"09/15/2023","929.50","910.50","934.10","909.20","31.24K","2.02%"
"09/14/2023","911.10","904.00","914.00","900.20","22.77K","0.65%"
"09/13/2023","905.20","914.30","914.70","898.10","24.90K","-0.83%"
"09/12/2023","912.80","902.90","916.40","894.50","29.48K","1.16%"
"09/11/2023","902.30","896.60","908.90","894.80","26.25K","0.44%"
"09/10/2023","898.35","896.25","898.50","894.80","","0.40%"
"09/08/2023","894.80","910.70","915.00","893.30","26.14K","-1.63%"
"09/07/2023","909.60","915.30","918.70","903.50","23.25K","-0.62%"
"09/06/2023","915.30","933.20","935.10","909.50","25.47K","-1.95%"
"09/05/2023","933.50","969.10","972.50","932.00","33.15K","-2.71%"
"09/04/2023","959.55","968.80","972.45","956.10","","-0.99%"
"09/03/2023","969.10","968.95","970.45","966.60","","0.04%"
"09/01/2023","968.70","977.20","995.00","967.40","22.06K","-0.58%"
"08/31/2023","974.40","984.50","989.10","973.10","22.61K","-0.91%"
"08/30/2023","983.30","987.30","993.30","978.50","25.73K","0.03%"
"08/29/2023","983.00","983.40","983.50","983.40","0.00K","1.43%"
"08/28/2023","969.10","958.00","967.40","958.00","0.00K","1.85%"
"08/27/2023","951.50","950.50","953.20","950.25","","0.68%"
"08/25/2023","945.10","942.00","942.00","942.00","0.00K","0.55%"
"08/24/2023","939.90","940.00","940.00","940.00","0.00K","0.51%"
"08/23/2023","935.10","933.20","935.00","933.20","0.00K","1.49%"
"08/22/2023","921.40","915.10","932.40","912.80","","1.21%"
"08/21/2023","910.40","912.30","912.30","907.60","0.00K","-0.73%"
"08/20/2023","917.05","916.20","918.35","915.30","","0.09%"
"08/18/2023","916.25","900.10","917.50","896.60","","1.79%"
"08/17/2023","900.15","886.60","913.65","884.20","","0.99%"
"08/16/2023","891.30","893.20","898.70","885.00","","-0.10%"
"08/15/2023","892.20","904.60","906.20","882.60","","-1.61%"
"08/14/2023","906.80","915.50","919.00","893.60","","-1.17%"
"08/13/2023","917.55","916.30","918.85","915.55","","0.32%"
"08/11/2023","914.60","911.50","923.10","907.30","","-0.02%"
"08/10/2023","914.80","892.90","917.00","891.40","","2.48%"
"08/09/2023","892.70","905.20","910.70","891.00","","-1.30%"
"08/08/2023","904.45","924.35","925.90","899.75","","-2.42%"
"08/07/2023","926.90","928.00","933.90","916.70","","-0.39%"
"08/06/2023","930.50","927.45","930.80","926.50","","0.22%"
"08/04/2023","928.50","920.20","931.50","914.10","","0.73%"
"08/03/2023","921.80","927.80","931.60","918.50","","-0.92%"
"08/02/2023","930.40","939.80","943.90","925.70","","-1.06%"
"08/01/2023","940.40","960.20","962.60","928.50","","-1.90%"
"07/31/2023","958.60","943.70","967.30","931.60","","1.53%"
"07/30/2023","944.20","944.80","946.05","943.85","","0.05%"
"07/28/2023","943.70","942.80","949.50","935.00","","-0.14%"
"07/27/2023","945.00","973.80","982.50","940.20","","-2.78%"
"07/26/2023","972.00","978.70","979.10","959.60","","-0.47%"
"07/25/2023","976.60","968.20","986.10","966.30","","0.73%"
"07/24/2023","969.50","971.60","976.50","963.10","","-0.05%"
"07/23/2023","969.95","970.90","973.25","968.95","","-0.23%"
"07/21/2023","972.20","965.70","974.60","960.40","","0.84%"
"07/20/2023","964.10","983.10","987.00","961.60","16.77K","-2.10%"
"07/19/2023","984.80","994.10","998.00","980.10","","-0.97%"
"07/18/2023","994.40","987.40","1,003.70","983.80","","0.70%"
"07/17/2023","987.50","982.30","991.30","973.00","","0.98%"
"07/16/2023","977.90","982.60","983.15","974.75","","-0.65%"
"07/14/2023","984.30","983.00","986.30","971.50","","0.09%"
"07/13/2023","983.40","960.50","986.90","957.70","","2.80%"
"07/12/2023","956.60","932.40","964.00","931.30","","2.60%"
"07/11/2023","932.40","934.70","943.50","928.10","","-0.26%"
"07/10/2023","934.80","918.40","937.00","909.80","","1.61%"
"07/09/2023","919.95","917.90","920.00","916.85","","0.16%"
"07/07/2023","918.50","908.70","924.60","906.00","","0.97%"
"07/06/2023","909.70","924.00","931.00","899.00","","-1.65%"
"07/05/2023","925.00","918.60","935.50","915.10","","-0.15%"
"07/04/2023","926.40","919.45","935.45","918.20","","1.14%"
"07/03/2023","916.00","910.20","924.30","900.50","","0.66%"
"07/02/2023","910.00","913.00","913.55","908.90","","-0.35%"
"06/30/2023","913.20","903.90","917.30","894.20","","0.71%"
"06/29/2023","906.80","922.30","930.30","897.00","","-1.94%"
"06/28/2023","924.70","931.50","932.20","909.10","","-1.00%"
"06/27/2023","934.00","933.70","942.00","922.70","","0.12%"
"06/26/2023","932.90","926.90","943.80","925.30","","0.40%"
"06/25/2023","929.20","925.65","929.55","925.30","","0.60%"
"06/23/2023","923.70","923.60","931.60","919.40","20.91K","-0.30%"
"06/22/2023","926.50","946.70","950.40","923.40","32.81K","-2.37%"
"06/21/2023","949.00","965.00","966.50","946.00","28.75K","-1.96%"
"06/20/2023","968.00","988.40","989.00","956.30","33.82K","-1.21%"
"06/19/2023","979.90","985.10","986.95","976.95","","-0.54%"
"06/18/2023","985.20","985.60","988.80","985.00","","-0.21%"
"06/16/2023","987.30","994.80","1,002.60","977.90","21.28K","-0.46%"
"06/15/2023","991.90","981.30","995.70","965.50","24.11K","1.21%"
"06/14/2023","980.00","980.80","986.80","971.70","21.21K","-0.19%"
"06/13/2023","981.90","996.80","1,003.00","978.70","21.77K","-1.35%"
"06/12/2023","995.30","1,012.00","1,013.60","991.80","21.40K","-1.63%"
"06/11/2023","1,011.75","1,013.30","1,013.50","1,011.00","","-0.10%"
"06/09/2023","1,012.80","1,015.40","1,023.60","1,000.20","19.19K","-0.11%"
"06/08/2023","1,013.90","1,025.00","1,033.00","1,010.90","17.34K","-1.04%"
"06/07/2023","1,024.60","1,039.40","1,051.80","1,022.30","21.21K","-1.36%"
"06/06/2023","1,038.70","1,035.50","1,044.30","1,026.60","16.30K","0.22%"
"06/05/2023","1,036.40","1,007.70","1,043.00","1,006.70","26.56K","2.69%"
"06/04/2023","1,009.25","1,006.15","1,012.00","1,006.15","","0.57%"
"06/02/2023","1,003.50","1,010.00","1,021.00","1,002.00","15.90K","-0.65%"
"06/01/2023","1,010.10","998.70","1,015.90","997.40","18.93K","1.11%"
"05/31/2023","999.00","1,025.30","1,029.40","997.80","27.04K","-2.24%"
"05/30/2023","1,021.90","1,028.10","1,046.00","1,021.20","21.63K","-1.08%"
"05/29/2023","1,033.10","1,027.10","1,039.40","1,025.55","","0.52%"
"05/28/2023","1,027.75","1,028.05","1,028.90","1,025.30","","-0.82%"
"05/26/2023","1,036.20","1,026.90","1,040.10","1,024.60","","0.17%"
"05/25/2023","1,034.40","1,030.50","1,037.40","1,020.80","","-0.31%"
"05/24/2023","1,037.60","1,058.90","1,063.80","1,026.30","","-2.64%"
"05/23/2023","1,065.70","1,076.80","1,079.40","1,057.10","","-1.82%"
"05/22/2023","1,085.40","1,070.00","1,087.90","1,065.80","","1.05%"
"05/21/2023","1,074.10","1,071.50","1,074.60","1,070.00","","-0.90%"
"05/19/2023","1,083.80","1,059.60","1,084.20","1,055.00","","1.64%"
"05/18/2023","1,066.30","1,079.20","1,080.80","1,055.00","","-2.24%"
"05/17/2023","1,090.70","1,067.70","1,086.10","1,067.40","","1.46%"
"05/16/2023","1,075.00","1,070.50","1,078.70","1,061.80","","-0.72%"
"05/15/2023","1,082.80","1,057.60","1,079.10","1,057.50","","1.79%"
"05/14/2023","1,063.80","1,059.40","1,063.85","1,058.20","","-0.30%"
"05/12/2023","1,067.00","1,104.30","1,111.70","1,058.00","","-3.44%"
"05/11/2023","1,105.00","1,124.60","1,129.80","1,094.70","","-1.26%"
"05/10/2023","1,119.10","1,114.90","1,137.90","1,110.00","","0.28%"
"05/09/2023","1,116.00","1,083.30","1,117.80","1,076.00","21.26K","2.60%"
"05/08/2023","1,087.70","1,067.40","1,096.90","1,065.40","","1.96%"
"05/07/2023","1,066.80","1,067.10","1,070.20","1,065.90","","-0.14%"
"05/05/2023","1,068.30","1,054.50","1,069.60","1,043.60","","1.40%"
"05/04/2023","1,053.55","1,069.85","1,073.85","1,043.20","","-0.78%"
"05/03/2023","1,061.80","1,074.70","1,085.50","1,057.20","","-1.53%"
"05/02/2023","1,078.30","1,065.90","1,079.70","1,052.70","","1.28%"
"05/01/2023","1,064.70","1,090.00","1,103.80","1,062.30","","-1.55%"
"04/30/2023","1,081.45","1,088.50","1,088.50","1,081.45","","-0.79%"
"04/28/2023","1,090.10","1,093.00","1,096.80","1,075.90","","-0.28%"
"04/27/2023","1,093.20","1,103.20","1,114.40","1,085.30","","-1.16%"
"04/26/2023","1,106.00","1,104.90","1,124.00","1,100.10","","0.71%"
"04/25/2023","1,098.20","1,099.90","1,106.30","1,077.00","","0.05%"
"04/24/2023","1,097.70","1,142.50","1,142.50","1,094.90","","-3.31%"
"04/23/2023","1,135.25","1,140.80","1,142.60","1,133.05","","-0.30%"
"04/21/2023","1,138.70","1,110.00","1,148.90","1,102.00","","2.81%"
"04/20/2023","1,107.60","1,103.60","1,112.50","1,094.50","","0.17%"
"04/19/2023","1,105.70","1,093.90","1,108.50","1,072.00","","0.77%"
"04/18/2023","1,097.30","1,062.00","1,101.90","1,059.70","","3.56%"
"04/17/2023","1,059.60","1,058.50","1,069.90","1,050.20","14.00K","0.54%"
"04/16/2023","1,053.90","1,056.20","1,059.40","1,053.30","","-0.01%"
"04/14/2023","1,054.00","1,062.10","1,071.10","1,046.70","19.96K","-1.08%"
"04/13/2023","1,065.50","1,029.10","1,070.00","1,023.40","","3.70%"
"04/12/2023","1,027.50","1,005.50","1,034.00","1,004.10","","2.23%"
"04/11/2023","1,005.10","1,003.50","1,018.60","1,000.60","","0.22%"
"04/10/2023","1,002.90","1,012.50","1,026.70","995.80","11.43K","-1.36%"
"04/09/2023","1,016.75","1,018.60","1,021.90","1,010.50","","0.00%"
"04/06/2023","1,016.80","1,009.20","1,021.70","1,004.30","10.77K","0.93%"
"04/05/2023","1,007.40","1,029.70","1,036.90","1,000.90","","-2.10%"
"04/04/2023","1,029.00","998.90","1,032.20","991.00","","3.27%"
"04/03/2023","996.40","1,001.00","1,009.20","987.10","","0.40%"
"04/02/2023","992.40","998.70","999.15","992.40","","-1.07%"
"03/31/2023","1,003.10","997.60","1,005.00","983.00","","0.07%"
"03/30/2023","1,002.40","979.50","1,003.60","976.60","","1.71%"
"03/29/2023","985.50","972.50","980.90","959.50","","1.40%"
"03/28/2023","971.90","985.60","988.90","965.00","","-1.08%"
"03/27/2023","982.50","993.80","993.90","971.60","","-0.82%"
"03/26/2023","990.65","989.75","993.90","989.75","","0.69%"
"03/24/2023","983.90","992.50","995.30","962.20","16.70K","-0.91%"
"03/23/2023","992.90","991.40","999.00","979.30","16.74K","0.60%"
"03/22/2023","987.00","978.00","1,007.20","977.30","22.18K","1.05%"
"03/21/2023","976.70","997.80","1,000.80","966.90","18.38K","-2.02%"
"03/20/2023","996.80","984.00","1,008.20","969.50","18.62K","1.71%"
"03/19/2023","980.00","981.15","984.85","978.10","","0.14%"
"03/17/2023","978.60","980.50","1,005.20","966.50","23.92K","0.15%"
"03/16/2023","977.10","967.70","983.90","965.10","15.65K","0.70%"
"03/15/2023","970.30","988.90","997.70","953.00","23.35K","-2.71%"
"03/14/2023","997.30","1,009.40","1,009.50","983.30","25.81K","-0.76%"
"03/13/2023","1,004.90","965.30","1,012.00","960.40","31.10K","3.96%"
"03/12/2023","966.65","964.65","975.85","964.65","","0.46%"
"03/10/2023","962.20","946.10","975.80","933.00","25.70K","1.36%"
"03/09/2023","949.30","939.10","962.50","934.00","23.37K","0.92%"
"03/08/2023","940.60","934.60","949.70","931.90","18.66K","0.46%"
"03/07/2023","936.30","978.60","983.70","931.00","27.42K","-4.32%"
"03/06/2023","978.60","984.00","984.00","966.00","22.30K","0.09%"
"03/05/2023","977.70","983.65","983.65","977.70","","-0.17%"
"03/03/2023","979.40","964.40","986.30","964.40","21.49K","1.68%"
"03/02/2023","963.20","959.60","967.70","948.90","15.43K","0.15%"
"03/01/2023","961.80","955.70","973.40","951.20","24.59K","0.66%"
"02/28/2023","955.50","941.10","962.10","931.50","20.19K","1.44%"
"02/27/2023","941.90","909.10","953.50","903.90","24.31K","3.36%"
"02/26/2023","911.25","907.90","912.25","905.50","","0.40%"
"02/24/2023","907.60","947.40","952.00","906.30","22.36K","-3.98%"
"02/23/2023","945.20","950.95","963.45","940.90","","-0.82%"
"02/22/2023","953.00","945.60","963.85","936.75","","0.79%"
"02/21/2023","945.55","928.90","949.80","921.80","","1.78%"
"02/20/2023","929.00","918.50","942.25","916.25","","1.14%"
"02/19/2023","918.55","916.55","921.30","916.55","","-0.31%"
"02/17/2023","921.40","922.00","924.50","907.80","","-1.03%"
"02/16/2023","931.00","917.80","933.50","909.00","","1.44%"
"02/15/2023","917.80","937.50","938.20","915.40","","-2.28%"
"02/14/2023","939.20","960.20","964.30","931.80","26.56K","-2.11%"
"02/13/2023","959.40","950.50","963.10","938.10","","0.97%"
"02/12/2023","950.15","950.45","951.55","949.45","","-0.17%"
"02/10/2023","951.80","960.40","972.50","949.00","","-1.29%"
"02/09/2023","964.20","978.40","992.80","957.50","","-2.33%"
"02/08/2023","987.20","981.00","996.80","975.80","","0.10%"
"02/07/2023","986.20","978.10","988.30","968.00","","1.19%"
"02/06/2023","974.60","981.50","989.90","971.40","23.78K","-0.82%"
"02/05/2023","982.65","980.25","984.25","977.50","","0.24%"
"02/03/2023","980.30","1,031.50","1,042.40","977.90","","-5.06%"
"02/02/2023","1,032.60","1,014.00","1,046.70","1,012.00","","3.08%"
"02/01/2023","1,001.70","1,020.70","1,023.40","997.00","","-1.90%"
"01/31/2023","1,021.10","1,017.50","1,026.70","996.90","21.97K","0.05%"
"01/30/2023","1,020.60","1,017.70","1,025.80","1,011.50","","-0.17%"
"01/29/2023","1,022.35","1,018.65","1,022.45","1,017.90","","0.55%"
"01/27/2023","1,016.80","1,025.10","1,029.60","1,004.10","","-0.61%"
"01/26/2023","1,023.00","1,047.00","1,050.40","1,021.30","","-2.21%"
"01/25/2023","1,046.10","1,066.60","1,067.10","1,038.60","","-1.94%"
"01/24/2023","1,066.80","1,058.00","1,068.80","1,050.70","","0.99%"
"01/23/2023","1,056.30","1,055.50","1,059.50","1,035.90","","0.45%"
"01/22/2023","1,051.60","1,051.95","1,054.70","1,051.10","","0.36%"
"01/20/2023","1,047.80","1,043.50","1,060.40","1,026.40","","0.64%"
"01/19/2023","1,041.10","1,046.10","1,052.60","1,015.00","","-0.25%"
"01/18/2023","1,043.70","1,047.20","1,085.10","1,036.50","","-0.31%"
"01/17/2023","1,046.90","1,074.70","1,082.10","1,044.10","","-2.32%"
"01/16/2023","1,071.80","1,074.50","1,082.15","1,061.35","","-0.25%"
"01/15/2023","1,074.45","1,075.65","1,077.45","1,074.40","","0.18%"
"01/13/2023","1,072.50","1,079.60","1,086.00","1,055.10","","-1.09%"
"01/12/2023","1,084.30","1,081.50","1,092.50","1,067.00","","0.00%"
"01/11/2023","1,084.30","1,090.10","1,117.00","1,078.80","","-0.39%"
"01/10/2023","1,088.50","1,091.30","1,097.90","1,082.50","","-0.92%"
"01/09/2023","1,098.60","1,109.50","1,115.60","1,089.30","","-1.33%"
"01/08/2023","1,113.45","1,105.15","1,114.95","1,105.15","","0.83%"
"01/06/2023","1,104.30","1,070.40","1,107.00","1,057.30","","3.24%"
"01/05/2023","1,069.60","1,091.90","1,099.70","1,066.10","","-2.08%"
"01/04/2023","1,092.30","1,095.70","1,112.10","1,086.90","","-0.09%"
"01/03/2023","1,093.30","1,086.90","1,108.70","1,080.80","","0.70%"
"01/02/2023","1,085.75","1,085.85","1,095.35","1,083.10","","0.26%"
"12/30/2022","1,082.90","1,069.80","1,087.60","1,063.10","","1.68%"
"12/29/2022","1,065.00","1,018.60","1,074.10","1,016.60","","4.43%"
"12/28/2022","1,019.80","1,028.75","1,045.55","1,015.15","","-1.25%"
"12/27/2022","1,032.70","1,032.60","1,047.60","1,014.00","","-0.32%"
"12/26/2022","1,036.00","1,039.65","1,043.95","1,034.80","","0.62%"
"12/23/2022","1,029.60","982.70","1,035.10","979.50","16.45K","4.57%"
"12/22/2022","984.60","1,002.60","1,009.60","971.40","20.62K","-1.74%"
"12/21/2022","1,002.00","1,013.30","1,017.50","996.60","15.63K","-1.09%"
"12/20/2022","1,013.00","986.00","1,019.80","979.00","26.55K","2.56%"
"12/19/2022","987.70","999.30","1,013.40","982.00","19.45K","-1.41%"
"12/18/2022","1,001.85","999.30","1,003.35","998.10","","0.18%"
"12/16/2022","1,000.00","1,015.20","1,021.20","996.80","17.57K","-1.30%"
"12/15/2022","1,013.20","1,039.40","1,039.40","1,010.50","18.87K","-2.45%"
"12/14/2022","1,038.70","1,042.60","1,047.80","1,028.10","17.28K","-0.02%"
"12/13/2022","1,038.90","1,009.00","1,056.00","1,006.00","23.15K","3.07%"
"12/12/2022","1,008.00","1,033.00","1,035.80","1,002.80","20.37K","-1.91%"
"12/11/2022","1,027.60","1,036.20","1,041.70","1,027.25","","-0.83%"
"12/09/2022","1,036.20","1,014.30","1,040.70","1,001.60","21.30K","2.13%"
"12/08/2022","1,014.60","1,012.80","1,021.60","1,005.60","13.25K","0.31%"
"12/07/2022","1,011.50","996.10","1,024.90","985.50","18.89K","1.62%"
"12/06/2022","995.40","1,006.60","1,013.30","991.50","16.23K","-1.20%"
"12/05/2022","1,007.50","1,025.50","1,038.20","1,002.90","17.29K","-2.32%"
"12/04/2022","1,031.40","1,024.45","1,031.60","1,024.10","","0.47%"
"12/02/2022","1,026.60","1,055.60","1,058.60","1,010.10","26.41K","-2.68%"
"12/01/2022","1,054.90","1,045.90","1,066.80","1,037.80","25.93K","1.50%"
"11/30/2022","1,039.30","1,012.40","1,051.70","1,010.10","28.62K","3.04%"
"11/29/2022","1,008.60","998.90","1,018.50","995.40","18.19K","-0.37%"
"11/28/2022","1,012.30","984.35","1,013.55","978.80","","2.84%"
"11/27/2022","984.30","986.05","986.50","982.30","","-1.65%"
"11/25/2022","1,000.80","997.00","1,000.85","982.15","","0.39%"
"11/24/2022","996.90","1,007.75","1,009.30","993.15","","-1.28%"
"11/23/2022","1,009.80","1,015.00","1,015.00","1,015.00","0.00K","0.11%"
"11/22/2022","1,008.70","989.95","1,007.60","989.35","","1.89%"
"11/21/2022","989.95","987.85","995.20","970.60","","0.22%"
"11/20/2022","987.80","986.50","988.00","985.70","","0.36%"
"11/18/2022","984.30","992.00","997.80","980.80","","-0.73%"
"11/17/2022","991.50","1,016.00","1,019.30","985.00","19.54K","-2.43%"
"11/16/2022","1,016.20","1,025.00","1,034.40","1,011.50","","-0.61%"
"11/15/2022","1,022.40","1,029.60","1,051.50","1,017.00","","-1.03%"
"11/14/2022","1,033.00","1,049.20","1,049.20","1,013.60","","-1.05%"
"11/13/2022","1,043.95","1,045.75","1,045.90","1,038.90","","-0.08%"
"11/11/2022","1,044.75","1,046.75","1,074.15","1,035.30","","-0.21%"
"11/10/2022","1,047.00","997.90","1,058.20","995.20","","4.90%"
"11/09/2022","998.10","1,011.90","1,024.60","991.55","","-1.37%"
"11/08/2022","1,011.95","990.05","1,015.80","979.20","","2.28%"
"11/07/2022","989.40","964.70","993.40","953.30","","3.33%"
"11/06/2022","957.50","968.35","968.35","956.50","","-0.31%"
"11/04/2022","960.50","922.00","970.20","918.90","","3.94%"
"11/03/2022","924.10","935.00","945.80","912.60","","-2.82%"
"11/02/2022","950.90","952.70","964.80","939.00","","0.04%"
"11/01/2022","950.50","931.40","963.00","930.80","","2.19%"
"10/31/2022","930.10","947.10","952.60","928.30","","-2.21%"
"10/30/2022","951.15","947.85","951.95","945.40","","0.50%"
"10/28/2022","946.40","965.00","969.70","943.00","","-2.17%"
"10/27/2022","967.40","959.40","974.10","948.30","","0.51%"
"10/26/2022","962.50","920.30","965.10","915.80","","4.65%"
"10/25/2022","919.70","930.10","933.40","907.60","15.74K","-0.74%"
"10/24/2022","926.60","935.10","949.80","922.90","","-1.58%"
"10/23/2022","941.45","936.30","949.70","935.10","","0.81%"
"10/21/2022","933.90","915.20","937.50","891.40","","2.05%"
"10/20/2022","915.10","881.50","918.90","875.00","21.96K","3.86%"
"10/19/2022","881.10","907.50","911.60","880.10","","-2.89%"
"10/18/2022","907.30","915.00","925.10","902.40","15.57K","-0.69%"
"10/17/2022","913.60","896.90","922.50","896.50","","1.10%"
"10/16/2022","903.65","898.25","904.45","896.85","","0.98%"
"10/14/2022","894.90","900.00","912.40","891.10","","-0.17%"
"10/13/2022","896.40","882.90","903.10","861.90","","1.75%"
"10/12/2022","881.00","889.90","897.80","878.30","16.11K","-2.01%"
"10/11/2022","899.10","900.60","906.20","884.10","","0.37%"
"10/10/2022","895.80","914.30","916.00","893.20","","-2.07%"
"10/09/2022","914.70","913.55","916.25","911.40","","-0.35%"
"10/07/2022","917.90","924.00","939.80","912.50","","-0.42%"
"10/06/2022","921.80","919.50","932.20","916.90","","0.79%"
"10/05/2022","914.60","940.00","940.00","903.10","","-2.05%"
"10/04/2022","933.70","900.50","941.20","899.60","","3.73%"
"10/03/2022","900.10","856.80","903.80","856.20","20.63K","4.54%"
"10/02/2022","861.00","862.00","862.95","859.45","","0.01%"
"09/30/2022","860.90","865.90","876.10","855.00","","-0.07%"
"09/29/2022","861.50","858.00","868.50","843.60","0.17K","-0.45%"
"09/28/2022","865.40","841.55","864.85","827.20","","3.06%"
"09/27/2022","839.70","844.10","858.00","838.00","","-0.62%"
"09/26/2022","844.90","850.70","864.20","841.80","13.83K","-1.52%"
"09/25/2022","857.95","851.10","858.10","845.15","","0.17%"
"09/23/2022","856.50","898.20","902.40","850.60","14.28K","-4.73%"
"09/22/2022","899.00","907.80","912.00","891.00","9.20K","-1.39%"
"09/21/2022","911.70","916.20","934.30","904.50","9.17K","-0.31%"
"09/20/2022","914.50","919.10","927.30","910.90","6.88K","0.21%"
"09/19/2022","912.60","903.10","919.90","891.20","4.26K","0.48%"
"09/18/2022","908.25","905.95","909.40","903.70","","1.36%"
"09/16/2022","896.10","898.30","901.90","879.90","4.90K","-0.68%"
"09/15/2022","902.20","901.90","916.80","895.50","4.02K","-0.25%"
"09/14/2022","904.50","873.80","910.00","873.70","5.52K","2.39%"
"09/13/2022","883.40","903.50","914.00","873.40","5.24K","-2.30%"
"09/12/2022","904.20","875.90","905.30","867.30","3.85K","3.48%"
"09/11/2022","873.75","874.50","877.10","872.45","","-0.43%"
"09/09/2022","877.50","869.50","882.40","865.60","3.46K","1.27%"
"09/08/2022","866.50","855.30","874.30","848.30","5.59K","2.11%"
"09/07/2022","848.60","840.00","856.00","830.00","3.51K","1.42%"
"09/06/2022","836.70","818.00","848.50","818.00","3.82K","0.58%"
"09/05/2022","831.85","815.75","834.15","815.40","","2.01%"
"09/04/2022","815.45","819.20","822.05","813.50","","-0.83%"
"09/02/2022","822.30","812.20","831.10","810.00","2.79K","1.51%"
"09/01/2022","810.10","828.20","831.20","801.20","3.07K","-2.59%"
"08/31/2022","831.60","836.90","846.00","827.00","1.90K","-0.60%"
"08/30/2022","836.60","857.80","857.80","834.80","2.76K","-2.24%"
"08/29/2022","855.80","847.70","861.70","835.70","","0.95%"
"08/28/2022","847.75","853.50","853.65","840.50","","-1.39%"
"08/26/2022","859.70","878.10","880.70","855.80","1.55K","-2.10%"
"08/25/2022","878.10","872.10","882.30","869.80","1.44K","0.86%"
"08/24/2022","870.60","874.80","880.60","862.90","1.51K","-0.81%"
"08/23/2022","877.70","868.90","883.70","859.00","0.80K","0.95%"
"08/22/2022","869.40","890.00","893.20","859.90","0.83K","-1.83%"
"08/21/2022","885.65","885.60","889.65","885.10","","-0.42%"
"08/19/2022","889.40","906.50","906.50","880.00","0.73K","-1.82%"
"08/18/2022","905.90","921.70","928.20","905.70","0.20K","-1.53%"
"08/17/2022","920.00","934.30","934.30","916.00","0.25K","-1.29%"
"08/16/2022","932.00","929.50","942.10","922.00","0.44K","-0.33%"
"08/15/2022","935.10","965.20","965.20","922.40","0.21K","-2.65%"
"08/14/2022","960.60","964.80","965.25","960.50","","-0.03%"
"08/12/2022","960.90","955.00","963.70","946.80","0.16K","0.02%"
"08/11/2022","960.70","944.40","975.50","944.40","0.57K","1.38%"
"08/10/2022","947.60","934.30","950.50","926.60","0.32K","1.43%"
"08/09/2022","934.20","943.90","943.90","931.60","0.24K","-0.61%"
"08/08/2022","939.90","930.20","950.00","920.00","0.24K","1.41%"
"08/07/2022","926.80","929.35","930.00","926.80","","0.08%"
"08/05/2022","926.10","927.00","941.70","920.80","0.38K","0.01%"
"08/04/2022","926.00","892.00","928.30","892.00","0.30K","4.03%"
"08/03/2022","890.10","886.00","897.00","883.60","0.28K","-1.80%"
"08/02/2022","906.40","905.90","913.50","892.50","0.28K","0.32%"
"08/01/2022","903.50","888.80","912.00","888.50","0.16K","2.01%"
"07/31/2022","885.70","890.00","890.80","884.00","","-0.66%"
"07/29/2022","891.60","882.40","900.40","880.00","0.28K","1.48%"
"07/28/2022","878.60","883.50","890.70","873.00","0.23K","0.16%"
"07/27/2022","877.20","863.40","883.90","860.30","11.92K","1.48%"
"07/26/2022","864.40","869.60","881.40","858.50","11.30K","-0.56%"
"07/25/2022","869.30","865.00","874.80","853.60","10.99K","1.14%"
"07/24/2022","859.50","862.80","863.90","858.90","","-0.89%"
"07/22/2022","867.20","862.10","878.10","857.50","12.20K","0.99%"
"07/21/2022","858.70","841.80","864.40","831.10","14.43K","1.44%"
"07/20/2022","846.50","862.40","871.00","841.00","11.66K","-1.44%"
"07/19/2022","858.90","851.50","872.30","842.60","12.05K","0.34%"
"07/18/2022","856.00","833.80","863.70","830.70","14.19K","2.47%"
"07/17/2022","835.40","836.00","836.20","832.85","","0.54%"
"07/15/2022","830.90","823.80","834.40","814.10","11.31K","1.66%"
"07/14/2022","817.30","835.20","836.10","806.70","16.61K","-2.45%"
"07/13/2022","837.80","825.80","842.10","815.80","16.68K","1.17%"
"07/12/2022","828.10","859.00","859.00","825.80","17.20K","-3.79%"
"07/11/2022","860.70","884.60","886.00","856.90","14.25K","-2.53%"
"07/10/2022","883.05","880.30","885.25","880.20","","0.03%"
"07/08/2022","882.80","863.80","891.60","854.60","15.94K","1.96%"
"07/07/2022","865.80","842.80","869.10","836.70","15.78K","2.96%"
"07/06/2022","840.90","853.10","856.40","832.00","17.80K","-1.15%"
"07/05/2022","850.70","878.30","878.70","837.60","27.83K","-2.79%"
"07/04/2022","875.10","872.25","878.30","866.90","","0.36%"
"07/03/2022","872.00","877.15","878.60","871.90","","0.08%"
"07/01/2022","871.30","884.60","890.20","850.10","23.96K","-2.68%"
"06/30/2022","895.30","911.40","918.10","879.20","21.40K","-1.60%"
"06/29/2022","909.90","906.80","933.00","905.20","15.96K","0.18%"
"06/28/2022","908.30","899.80","923.30","898.05","","0.89%"
"06/27/2022","900.30","904.70","911.90","888.10","16.54K","-0.50%"
"06/26/2022","904.80","907.40","908.55","904.05","","0.17%"
"06/24/2022","903.30","902.50","917.40","900.20","14.05K","-0.04%"
"06/23/2022","903.70","927.00","928.70","902.60","12.40K","-2.42%"
"06/22/2022","926.10","940.10","940.10","921.40","9.76K","-1.42%"
"06/21/2022","939.40","931.40","954.70","925.00","7.80K","0.98%"
"06/20/2022","930.30","932.70","943.85","924.55","","-0.26%"
"06/19/2022","932.75","931.50","933.50","930.95","","0.21%"
"06/17/2022","930.80","949.70","951.70","928.70","3.16K","-2.15%"
"06/16/2022","951.30","937.50","952.40","920.60","5.84K","2.79%"
"06/15/2022","925.50","914.90","949.60","913.50","5.80K","1.35%"
"06/14/2022","913.20","929.80","941.70","910.80","6.29K","-2.37%"
"06/13/2022","935.40","974.30","975.60","927.00","5.28K","-3.57%"
"06/12/2022","970.00","973.55","973.55","968.40","","-0.30%"
"06/10/2022","972.90","972.50","977.80","955.00","4.50K","-0.51%"
"06/09/2022","977.90","1,010.20","1,011.80","971.50","4.49K","-3.52%"
"06/08/2022","1,013.60","1,016.10","1,018.00","1,001.20","4.44K","-0.13%"
"06/07/2022","1,014.90","1,023.10","1,023.70","1,003.30","5.25K","-1.61%"
"06/06/2022","1,031.50","1,020.70","1,039.00","1,020.10","3.75K","1.24%"
"06/05/2022","1,018.90","1,018.20","1,021.35","1,018.10","","0.11%"
"06/03/2022","1,017.80","1,023.90","1,036.90","1,013.30","2.88K","-1.11%"
"06/02/2022","1,029.20","995.00","1,029.70","989.50","1.82K","3.16%"
"06/01/2022","997.70","963.10","1,007.00","959.50","2.82K","2.93%"
"05/31/2022","969.30","948.40","971.50","945.00","1.12K","2.23%"
"05/30/2022","948.20","943.35","953.40","940.60","","0.33%"
"05/27/2022","945.10","940.20","948.40","938.30","1.59K","0.75%"
"05/26/2022","938.10","936.95","939.60","924.10","","0.78%"
"05/25/2022","930.80","945.60","945.80","923.90","1.59K","-1.44%"
"05/24/2022","944.40","947.20","956.10","938.20","1.38K","-0.71%"
"05/23/2022","951.20","949.70","971.80","947.50","1.45K","-0.12%"
"05/22/2022","952.30","952.80","952.85","948.90","","1.21%"
"05/20/2022","940.90","954.40","960.70","939.10","0.31K","-1.32%"
"05/19/2022","953.50","923.80","957.60","910.00","0.49K","3.08%"
"05/18/2022","925.00","940.60","957.00","920.00","0.27K","-2.01%"
"05/17/2022","944.00","931.20","948.90","927.00","0.35K","1.84%"
"05/16/2022","926.90","934.40","941.00","917.80","0.44K","-0.90%"
"05/15/2022","935.30","932.75","935.80","931.40","","0.41%"
"05/13/2022","931.50","932.70","950.80","923.80","0.39K","-0.01%"
"05/12/2022","931.60","983.00","984.00","930.00","0.48K","-5.77%"
"05/11/2022","988.60","950.00","990.00","950.00","0.64K","4.48%"
"05/10/2022","946.20","933.80","968.20","931.00","0.79K","0.92%"
"05/09/2022","937.60","942.00","943.20","914.00","0.67K","-0.64%"
"05/08/2022","943.65","948.20","948.50","940.00","","-1.31%"
"05/06/2022","956.20","961.70","961.70","942.00","0.46K","-1.77%"
"05/05/2022","973.40","984.40","992.00","960.70","0.34K","-0.63%"
"05/04/2022","979.60","959.30","987.10","959.20","1.25K","2.13%"
"05/03/2022","959.20","933.10","966.00","932.90","0.43K","2.72%"
"05/02/2022","933.80","937.30","938.40","911.00","0.23K","0.36%"
"05/01/2022","930.45","929.10","937.00","926.35","","-1.07%"
"04/29/2022","940.50","910.50","942.90","910.30","0.30K","2.98%"
"04/28/2022","913.30","911.70","928.00","903.20","0.43K","0.32%"
"04/27/2022","910.40","913.90","930.00","895.40","19.58K","-0.19%"
"04/26/2022","912.10","911.70","921.50","901.70","17.34K","0.78%"
"04/25/2022","905.00","924.00","927.90","901.40","25.77K","-2.22%"
"04/24/2022","925.50","925.80","927.70","923.35","","-0.20%"
"04/22/2022","927.40","967.70","969.00","923.00","29.59K","-4.17%"
"04/21/2022","967.80","987.60","991.30","965.00","12.70K","-1.95%"
"04/20/2022","987.00","991.30","993.20","973.00","11.64K","-0.17%"
"04/19/2022","988.70","1,017.00","1,026.40","982.30","17.80K","-3.12%"
"04/18/2022","1,020.50","995.00","1,024.90","991.20","12.77K","2.03%"
"04/17/2022","1,000.15","992.85","1,002.00","991.60","","0.91%"
"04/15/2022","991.10","991.10","991.10","991.10","","-0.31%"
"04/14/2022","994.20","989.00","996.00","972.20","11.02K","0.46%"
"04/13/2022","989.60","968.30","991.00","966.40","12.28K","1.77%"
"04/12/2022","972.40","980.40","987.50","960.50","13.92K","-0.55%"
"04/11/2022","977.80","976.30","997.00","973.70","11.96K","-0.05%"
"04/10/2022","978.30","976.95","982.80","976.95","","0.28%"
"04/08/2022","975.60","962.80","988.70","959.00","14.60K","1.84%"
"04/07/2022","958.00","954.10","965.00","941.40","14.66K","0.51%"
"04/06/2022","953.10","970.10","975.30","950.00","19.69K","-2.06%"
"04/05/2022","973.10","990.70","992.40","968.00","14.48K","-1.81%"
"04/04/2022","991.00","989.30","1,002.00","983.60","11.33K","0.20%"
"04/03/2022","989.00","991.85","992.30","987.55","","0.04%"
"04/01/2022","988.60","987.10","1,004.20","985.70","13.26K","-0.72%"
"03/31/2022","995.80","998.60","1,000.60","982.10","12.68K","-0.54%"
"03/30/2022","1,001.20","986.20","1,009.00","984.40","15.46K","2.48%"
"03/29/2022","977.00","986.85","989.60","954.05","","-1.69%"
"03/28/2022","993.80","1,010.30","1,011.20","984.70","13.16K","-1.06%"
"03/27/2022","1,004.40","1,007.30","1,008.65","1,003.00","","-0.62%"
"03/25/2022","1,010.70","1,032.00","1,039.90","1,004.90","9.75K","-2.23%"
"03/24/2022","1,033.70","1,028.80","1,041.90","1,017.00","8.38K","1.02%"
"03/23/2022","1,023.30","1,029.00","1,035.30","1,017.60","6.02K","-0.32%"
"03/22/2022","1,026.60","1,042.50","1,049.30","1,018.10","4.78K","-1.79%"
"03/21/2022","1,045.30","1,031.50","1,049.90","1,026.00","6.12K","1.46%"
"03/20/2022","1,030.30","1,029.10","1,033.55","1,028.25","","-0.56%"
"03/18/2022","1,036.10","1,027.00","1,043.00","1,024.80","4.08K","0.51%"
"03/17/2022","1,030.80","1,019.10","1,034.90","1,014.20","2.83K","2.28%"
"03/16/2022","1,007.80","986.00","1,023.10","984.50","3.62K","0.52%"
"03/15/2022","1,002.60","1,042.00","1,042.00","983.40","5.80K","-4.59%"
"03/14/2022","1,050.80","1,093.60","1,094.20","1,035.90","3.41K","-2.44%"
"03/13/2022","1,077.10","1,090.70","1,100.00","1,075.40","","-0.83%"
"03/11/2022","1,086.10","1,080.40","1,096.60","1,063.90","3.19K","-0.61%"
"03/10/2022","1,092.80","1,101.20","1,111.90","1,077.60","3.20K","-1.18%"
"03/09/2022","1,105.80","1,170.60","1,187.20","1,086.00","6.75K","-3.96%"
"03/08/2022","1,151.40","1,125.90","1,190.00","1,120.00","5.28K","3.17%"
"03/07/2022","1,116.00","1,126.00","1,161.40","1,105.20","3.86K","-3.10%"
"03/06/2022","1,151.70","1,124.40","1,155.55","1,124.40","","3.14%"
"03/04/2022","1,116.60","1,081.10","1,128.00","1,072.00","2.89K","3.30%"
"03/03/2022","1,080.90","1,075.00","1,095.10","1,070.20","2.61K","1.19%"
"03/02/2022","1,068.20","1,058.00","1,077.50","1,053.50","1.84K","1.45%"
"03/01/2022","1,052.90","1,045.90","1,067.20","1,042.20","2.20K","1.26%"
"02/28/2022","1,039.80","1,075.10","1,078.80","1,035.90","1.25K","-2.14%"
"02/27/2022","1,062.55","1,058.40","1,078.10","1,058.40","","1.09%"
"02/25/2022","1,051.10","1,060.00","1,067.60","1,049.40","2.02K","-1.06%"
"02/24/2022","1,062.40","1,096.95","1,131.60","1,040.30","","-2.75%"
"02/23/2022","1,092.40","1,081.40","1,097.50","1,079.40","1.51K","0.57%"
"02/22/2022","1,086.20","1,071.00","1,095.00","1,071.00","1.52K","-0.03%"
"02/21/2022","1,086.55","1,079.45","1,089.40","1,070.10","","0.68%"
"02/20/2022","1,079.20","1,071.50","1,080.60","1,070.60","","0.17%"
"02/18/2022","1,077.40","1,090.50","1,098.20","1,067.40","1.96K","-1.33%"
"02/17/2022","1,091.90","1,062.70","1,095.20","1,057.30","0.70K","2.73%"
"02/16/2022","1,062.90","1,021.80","1,065.40","1,021.40","0.45K","4.19%"
"02/15/2022","1,020.20","1,030.60","1,035.00","1,006.90","0.42K","-0.83%"
"02/14/2022","1,028.70","1,039.90","1,043.80","1,022.00","0.59K","-0.92%"
"02/13/2022","1,038.25","1,030.35","1,039.15","1,025.55","","1.83%"
"02/11/2022","1,019.60","1,026.20","1,036.20","1,009.00","0.85K","-2.24%"
"02/10/2022","1,043.00","1,035.50","1,058.60","1,017.60","0.57K","0.47%"
"02/09/2022","1,038.10","1,033.10","1,042.30","1,024.00","0.86K","0.12%"
"02/08/2022","1,036.90","1,021.50","1,036.80","1,005.10","0.32K","1.59%"
"02/07/2022","1,020.70","1,028.30","1,029.70","1,011.00","1.75K","-0.65%"
"02/06/2022","1,027.40","1,023.70","1,028.80","1,023.70","","0.27%"
"02/04/2022","1,024.60","1,036.00","1,037.40","1,013.90","3.13K","-0.55%"
"02/03/2022","1,030.30","1,037.30","1,041.20","1,020.50","2.33K","-1.24%"
"02/02/2022","1,043.20","1,030.00","1,046.60","1,026.70","0.17K","2.01%"
"02/01/2022","1,022.60","1,019.70","1,045.90","1,019.70","0.24K","0.26%"
"01/31/2022","1,019.90","1,011.90","1,023.00","1,010.30","0.20K","1.07%"
"01/30/2022","1,009.10","1,012.55","1,012.55","1,007.35","","0.27%"
"01/28/2022","1,006.40","1,024.50","1,030.00","992.00","0.36K","-1.51%"
"01/27/2022","1,021.80","1,034.70","1,039.30","1,012.40","16.43K","-2.30%"
"01/26/2022","1,045.90","1,027.60","1,064.60","1,024.40","25.40K","1.99%"
"01/25/2022","1,025.50","1,028.90","1,034.20","1,006.90","13.82K","0.51%"
"01/24/2022","1,020.30","1,034.00","1,041.80","1,003.20","16.95K","-1.43%"
"01/23/2022","1,035.10","1,030.80","1,035.10","1,027.60","","0.00%"
"01/21/2022","1,035.10","1,043.20","1,054.00","1,028.40","17.76K","-1.49%"
"01/20/2022","1,050.80","1,025.70","1,057.50","1,017.50","24.47K","2.18%"
"01/19/2022","1,028.40","979.00","1,035.50","970.10","29.81K","4.99%"
"01/18/2022","979.50","966.20","987.00","959.60","19.79K","0.89%"
"01/17/2022","970.90","966.90","974.40","962.30","","0.42%"
"01/16/2022","966.85","967.10","967.45","965.35","","0.23%"
"01/14/2022","964.60","968.40","981.00","963.50","10.66K","-0.78%"
"01/13/2022","972.20","976.80","977.70","961.30","10.73K","-0.81%"
"01/12/2022","980.10","969.40","983.00","961.50","13.20K","0.71%"
"01/11/2022","973.20","936.30","975.00","935.10","20.75K","4.24%"
"01/10/2022","933.60","958.10","961.40","919.50","17.86K","-2.14%"
"01/09/2022","954.05","958.15","958.55","953.10","","-0.26%"
"01/07/2022","956.50","966.00","972.20","947.70","12.72K","-0.44%"
"01/06/2022","960.70","983.80","987.70","952.00","18.49K","-4.11%"
"01/05/2022","1,001.90","972.60","1,004.80","966.20","18.94K","3.16%"
"01/04/2022","971.20","955.40","983.60","946.10","15.04K","1.80%"
"01/03/2022","954.00","968.70","985.00","928.70","18.49K","-1.74%"
"01/02/2022","970.85","964.30","978.80","964.30","","0.48%"
"12/31/2021","966.20","963.30","968.90","948.80","8.29K","0.17%"
"12/30/2021","964.60","970.20","973.40","958.00","9.89K","-0.53%"
"12/29/2021","969.70","978.50","978.50","960.25","","-1.03%"
"12/28/2021","979.80","971.00","989.90","964.40","11.28K","0.91%"
"12/27/2021","971.00","973.40","974.60","951.50","11.00K","0.43%"
"12/26/2021","966.85","972.85","972.85","966.80","","-0.55%"
"12/23/2021","972.20","964.80","974.20","956.60","9.60K","0.88%"
"12/22/2021","963.70","927.20","966.40","922.10","9.07K","4.25%"
"12/21/2021","924.40","925.00","935.40","919.50","5.57K","0.20%"
"12/20/2021","922.60","932.50","932.50","906.80","7.15K","0.09%"
"12/19/2021","921.80","928.85","931.65","921.80","","-1.19%"
"12/17/2021","932.90","929.20","940.50","924.40","3.49K","0.63%"
"12/16/2021","927.10","903.70","930.00","899.00","5.58K","3.69%"
"12/15/2021","894.10","912.40","917.60","886.10","4.10K","-1.86%"
"12/14/2021","911.00","923.70","928.50","904.00","3.41K","-1.50%"
"12/13/2021","924.90","942.00","949.50","921.80","5.06K","-1.65%"
"12/12/2021","940.45","937.85","942.50","937.85","","0.57%"
"12/10/2021","935.10","932.00","940.70","926.40","3.41K","-0.37%"
"12/09/2021","938.60","955.40","955.40","929.80","3.55K","-1.92%"
"12/08/2021","957.00","948.80","961.20","943.80","2.75K","0.63%"
"12/07/2021","951.00","935.80","956.70","933.30","3.10K","1.45%"
"12/06/2021","937.40","930.70","939.60","917.30","2.49K","0.29%"
"12/05/2021","934.65","928.20","935.00","927.45","","0.81%"
"12/03/2021","927.10","933.20","951.60","919.00","3.10K","-0.74%"
"12/02/2021","934.00","931.80","946.70","928.50","1.93K","-0.28%"
"12/01/2021","936.60","933.80","954.30","926.40","1.55K","0.80%"
"11/30/2021","929.20","963.70","968.40","924.70","2.88K","-3.85%"
"11/29/2021","966.40","953.70","981.10","953.70","1.83K","-1.23%"
"11/28/2021","978.40","950.50","978.40","950.50","","2.46%"
"11/26/2021","954.90","990.90","992.90","945.20","","-3.63%"
"11/25/2021","990.90","980.40","999.90","979.90","","1.38%"
"11/24/2021","977.40","969.60","986.60","967.50","1.74K","1.17%"
"11/23/2021","966.10","1,020.00","1,025.90","959.30","3.06K","-4.98%"
"11/22/2021","1,016.70","1,037.60","1,045.20","1,014.90","1.31K","-1.44%"
"11/21/2021","1,031.60","1,035.30","1,036.75","1,029.60","","-0.58%"
"11/19/2021","1,037.60","1,057.00","1,066.00","1,035.20","0.97K","-1.88%"
"11/18/2021","1,057.50","1,065.60","1,080.70","1,050.00","0.39K","-1.18%"
"11/17/2021","1,070.10","1,068.00","1,081.00","1,060.60","0.30K","-0.51%"
"11/16/2021","1,075.60","1,096.80","1,113.40","1,068.00","0.55K","-2.02%"
"11/15/2021","1,097.80","1,089.30","1,103.10","1,077.70","0.30K","0.55%"
"11/14/2021","1,091.80","1,088.30","1,092.85","1,087.20","","0.16%"
"11/12/2021","1,090.10","1,094.30","1,095.40","1,074.20","0.27K","-0.49%"
"11/11/2021","1,095.50","1,075.00","1,100.00","1,072.50","0.32K","1.63%"
"11/10/2021","1,077.90","1,065.10","1,099.40","1,056.70","1.26K","1.46%"
"11/09/2021","1,062.40","1,060.10","1,068.30","1,049.50","0.27K","0.12%"
"11/08/2021","1,061.10","1,037.50","1,066.80","1,037.40","0.38K","2.26%"
"11/07/2021","1,037.65","1,036.30","1,039.00","1,035.05","","0.07%"
"11/05/2021","1,036.90","1,030.70","1,040.10","1,023.80","0.31K","0.64%"
"11/04/2021","1,030.30","1,036.40","1,050.50","1,027.90","0.35K","0.68%"
"11/03/2021","1,023.30","1,040.80","1,046.80","1,022.70","0.12K","-1.63%"
"11/02/2021","1,040.30","1,067.00","1,067.50","1,039.50","0.23K","-2.60%"
"11/01/2021","1,068.10","1,020.30","1,069.90","1,020.00","0.28K","4.56%"
"10/31/2021","1,021.50","1,021.65","1,022.40","1,018.90","","-0.02%"
"10/29/2021","1,021.70","1,023.20","1,025.50","1,006.70","0.27K","-0.35%"
"10/28/2021","1,025.30","1,015.60","1,034.50","1,015.50","0.10K","0.59%"
"10/27/2021","1,019.30","1,031.80","1,033.80","1,010.60","12.29K","-1.32%"
"10/26/2021","1,032.90","1,063.60","1,064.00","1,017.00","17.00K","-2.90%"
"10/25/2021","1,063.80","1,044.80","1,066.60","1,040.40","13.51K","1.64%"
"10/24/2021","1,046.60","1,043.60","1,046.60","1,042.40","","-0.52%"
"10/22/2021","1,052.10","1,053.00","1,080.80","1,042.80","18.33K","0.23%"
"10/21/2021","1,049.70","1,054.50","1,066.80","1,038.00","12.53K","-0.25%"
"10/20/2021","1,052.30","1,043.40","1,058.00","1,036.70","10.91K","0.50%"
"10/19/2021","1,047.10","1,039.10","1,059.30","1,036.70","11.81K","0.89%"
"10/18/2021","1,037.90","1,059.00","1,062.70","1,034.80","12.93K","-1.93%"
"10/17/2021","1,058.35","1,060.85","1,062.70","1,058.20","","-0.05%"
"10/15/2021","1,058.90","1,057.50","1,062.90","1,043.60","17.88K","0.63%"
"10/14/2021","1,052.30","1,021.00","1,064.20","1,015.00","19.44K","2.74%"
"10/13/2021","1,024.20","1,008.00","1,033.80","1,003.00","12.87K","1.24%"
"10/12/2021","1,011.70","1,005.80","1,020.70","1,002.00","10.14K","0.48%"
"10/11/2021","1,006.90","1,027.10","1,037.60","1,004.60","16.20K","-1.43%"
"10/10/2021","1,021.50","1,026.55","1,032.90","1,020.35","","-0.65%"
"10/08/2021","1,028.20","979.80","1,041.70","977.90","24.54K","4.35%"
"10/07/2021","985.30","985.00","997.70","975.30","11.90K","0.83%"
"10/06/2021","977.20","959.80","988.80","939.10","16.80K","1.81%"
"10/05/2021","959.80","964.10","965.90","945.00","8.37K","-0.19%"
"10/04/2021","961.60","974.50","981.10","943.00","13.43K","-1.73%"
"10/03/2021","978.50","973.90","980.80","973.50","","0.50%"
"10/01/2021","973.60","962.00","978.00","954.90","9.77K","1.16%"
"09/30/2021","962.40","949.20","968.90","949.00","11.24K","1.63%"
"09/29/2021","947.00","964.60","972.00","941.40","13.55K","-1.49%"
"09/28/2021","961.30","976.10","984.70","958.80","","-1.69%"
"09/27/2021","977.80","981.00","996.50","972.60","9.30K","-0.20%"
"09/26/2021","979.80","977.50","979.80","974.80","","0.36%"
"09/24/2021","976.30","986.70","990.30","962.30","10.15K","-1.92%"
"09/23/2021","995.40","994.70","1,010.70","979.70","12.72K","-0.44%"
"09/22/2021","999.80","951.50","1,007.90","945.60","13.62K","5.15%"
"09/21/2021","950.80","904.30","955.50","903.90","11.37K","5.71%"
"09/20/2021","899.40","933.90","935.40","892.90","6.43K","-3.59%"
"09/19/2021","932.90","931.00","934.10","929.50","","0.03%"
"09/17/2021","932.60","926.10","950.50","925.80","3.96K","0.76%"
"09/16/2021","925.60","941.50","953.00","923.50","3.40K","-0.78%"
"09/15/2021","932.90","936.60","942.10","918.20","4.55K","-0.87%"
"09/14/2021","941.10","959.00","959.40","930.00","4.68K","-1.99%"
"09/13/2021","960.20","952.00","961.00","945.40","4.01K","0.43%"
"09/12/2021","956.10","947.90","956.50","947.50","","-0.36%"
"09/10/2021","959.60","974.10","984.40","945.90","3.78K","-1.83%"
"09/09/2021","977.50","978.20","987.50","970.70","3.45K","-0.16%"
"09/08/2021","979.10","998.20","1,006.00","973.80","3.45K","-1.98%"
"09/07/2021","998.90","1,023.40","1,028.50","993.90","2.06K","-1.91%"
"09/06/2021","1,018.30","1,019.30","1,026.10","1,014.45","","-0.14%"
"09/05/2021","1,019.70","1,022.40","1,024.00","1,018.60","","-0.47%"
"09/03/2021","1,024.50","997.90","1,028.40","996.50","1.81K","2.77%"
"09/02/2021","996.90","999.10","1,009.50","989.00","2.05K","-0.55%"
"09/01/2021","1,002.40","1,013.60","1,016.90","997.50","2.18K","-1.43%"
"08/31/2021","1,016.90","1,005.60","1,019.10","995.00","1.27K","1.19%"
"08/30/2021","1,004.90","1,010.00","1,016.50","998.00","1.41K","-0.49%"
"08/29/2021","1,009.80","1,007.10","1,010.40","1,005.20","","0.24%"
"08/27/2021","1,007.40","975.30","1,008.15","974.05","","2.95%"
"08/26/2021","978.50","996.00","996.50","975.20","1.64K","-1.81%"
"08/25/2021","996.50","1,010.60","1,012.00","987.70","1.27K","-1.63%"
"08/24/2021","1,013.00","1,016.30","1,020.30","1,004.60","1.39K","-0.29%"
"08/23/2021","1,015.90","992.20","1,018.60","992.20","0.24K","2.78%"
"08/22/2021","988.45","991.80","993.75","988.35","","-0.73%"
"08/20/2021","995.70","972.40","996.20","971.60","0.34K","2.35%"
"08/19/2021","972.80","995.90","995.90","959.30","0.56K","-2.58%"
"08/18/2021","998.60","995.70","1,011.10","987.70","0.33K","0.24%"
"08/17/2021","996.20","1,023.20","1,028.20","990.00","0.30K","-2.63%"
"08/16/2021","1,023.10","1,028.50","1,028.50","1,004.20","0.17K","-0.04%"
"08/15/2021","1,023.55","1,025.35","1,027.00","1,023.50","","-0.45%"
"08/13/2021","1,028.20","1,017.00","1,031.00","1,014.30","0.14K","0.79%"
"08/12/2021","1,020.10","1,017.60","1,025.00","1,008.60","0.20K","0.22%"
"08/11/2021","1,017.90","994.00","1,020.00","994.00","0.23K","2.90%"
"08/10/2021","989.20","976.80","995.00","976.00","0.29K","1.60%"
"08/09/2021","973.60","976.60","982.70","956.80","0.37K","1.74%"
"08/08/2021","956.95","971.65","974.40","954.00","","-1.84%"
"08/06/2021","974.90","1,002.80","1,005.00","972.00","0.44K","-3.32%"
"08/05/2021","1,008.40","1,023.90","1,023.90","999.50","0.32K","-1.53%"
"08/04/2021","1,024.10","1,051.30","1,053.50","1,019.70","0.33K","-2.46%"
"08/03/2021","1,049.90","1,050.60","1,056.10","1,039.80","0.35K","-0.85%"
"08/02/2021","1,058.90","1,050.00","1,068.00","1,050.00","0.19K","0.68%"
"08/01/2021","1,051.75","1,045.75","1,052.80","1,045.75","","0.02%"
"07/30/2021","1,051.50","1,060.50","1,060.50","1,035.70","0.63K","-1.78%"
"07/29/2021","1,070.60","1,071.00","1,082.80","1,064.90","0.29K","1.18%"
"07/28/2021","1,058.10","1,052.00","1,068.00","1,044.60","9.94K","0.82%"
"07/27/2021","1,049.50","1,065.20","1,069.20","1,044.00","15.27K","-1.92%"
"07/26/2021","1,070.00","1,057.10","1,073.50","1,054.00","11.59K","0.75%"
"07/25/2021","1,062.00","1,060.85","1,063.90","1,060.85","","0.06%"
"07/23/2021","1,061.40","1,092.90","1,097.30","1,042.20","17.58K","-2.68%"
"07/22/2021","1,090.60","1,078.20","1,094.20","1,072.90","9.23K","1.42%"
"07/21/2021","1,075.30","1,063.70","1,081.10","1,060.70","10.33K","0.95%"
"07/20/2021","1,065.20","1,074.30","1,084.40","1,053.30","15.25K","-0.58%"
"07/19/2021","1,071.40","1,101.00","1,107.10","1,063.80","17.55K","-2.97%"
"07/18/2021","1,104.20","1,101.45","1,105.20","1,098.80","","-0.39%"
"07/16/2021","1,108.50","1,140.20","1,141.20","1,096.50","14.65K","-2.57%"
"07/15/2021","1,137.70","1,140.20","1,140.60","1,139.10","13.36K","0.85%"
"07/14/2021","1,128.10","1,103.40","1,135.30","1,101.00","15.41K","1.52%"
"07/13/2021","1,111.20","1,120.40","1,122.00","1,100.20","11.65K","-1.05%"
"07/12/2021","1,123.00","1,098.00","1,123.80","1,085.30","16.95K","2.46%"
"07/11/2021","1,096.00","1,097.45","1,099.40","1,096.00","","0.03%"
"07/09/2021","1,095.70","1,072.00","1,099.50","1,065.70","11.54K","1.97%"
"07/08/2021","1,074.50","1,085.40","1,086.30","1,062.30","13.86K","-0.68%"
"07/07/2021","1,081.90","1,089.10","1,100.00","1,071.00","10.00K","-0.19%"
"07/06/2021","1,084.00","1,088.10","1,118.00","1,075.50","18.75K","-1.62%"
"07/05/2021","1,101.90","1,099.10","1,105.10","1,089.65","","1.31%"
"07/02/2021","1,087.70","1,082.40","1,096.50","1,079.40","10.05K","0.63%"
"07/01/2021","1,080.90","1,071.60","1,094.50","1,059.80","12.13K","0.75%"
"06/30/2021","1,072.90","1,067.70","1,075.50","1,049.10","12.69K","0.21%"
"06/29/2021","1,070.60","1,093.20","1,097.70","1,060.00","18.91K","-2.60%"
"06/28/2021","1,099.20","1,114.15","1,116.10","1,092.25","","-1.39%"
"06/27/2021","1,114.70","1,110.65","1,114.80","1,110.10","","0.81%"
"06/25/2021","1,105.70","1,094.90","1,113.10","1,093.10","10.02K","0.88%"
"06/24/2021","1,096.10","1,085.80","1,098.60","1,070.40","8.38K","0.61%"
"06/23/2021","1,089.50","1,075.70","1,096.40","1,072.00","10.06K","1.55%"
"06/22/2021","1,072.90","1,057.60","1,076.90","1,053.50","8.83K","1.78%"
"06/21/2021","1,054.10","1,044.30","1,059.50","1,026.00","7.61K","1.44%"
"06/20/2021","1,039.10","1,036.90","1,043.05","1,035.05","","-0.58%"
"06/18/2021","1,045.20","1,062.90","1,086.60","1,039.00","7.22K","-1.31%"
"06/17/2021","1,059.10","1,125.50","1,135.00","1,048.00","7.77K","-7.57%"
"06/16/2021","1,145.90","1,157.60","1,158.10","1,120.30","3.99K","-0.59%"
"06/15/2021","1,152.70","1,170.70","1,172.50","1,150.00","4.41K","-1.41%"
"06/14/2021","1,169.20","1,152.30","1,177.60","1,144.00","3.03K","2.19%"
"06/13/2021","1,144.15","1,150.25","1,151.90","1,143.50","","-0.94%"
"06/11/2021","1,155.00","1,156.00","1,164.50","1,149.00","2.26K","0.43%"
"06/10/2021","1,150.10","1,155.40","1,159.00","1,131.40","3.52K","-0.48%"
"06/09/2021","1,155.70","1,165.80","1,170.00","1,153.30","2.45K","-0.92%"
"06/08/2021","1,166.40","1,178.80","1,183.00","1,160.00","2.56K","-1.05%"
"06/07/2021","1,178.80","1,172.30","1,181.30","1,164.60","2.20K","0.70%"
"06/06/2021","1,170.60","1,165.40","1,171.30","1,165.40","","0.18%"
"06/04/2021","1,168.50","1,164.40","1,172.20","1,146.70","2.26K","0.16%"
"06/03/2021","1,166.60","1,198.80","1,201.10","1,153.50","2.87K","-2.52%"
"06/02/2021","1,196.70","1,200.40","1,201.50","1,185.00","2.61K","-0.59%"
"06/01/2021","1,203.80","1,188.20","1,214.20","1,181.00","1.08K","0.87%"
"05/31/2021","1,193.40","1,187.40","1,193.90","1,183.65","","0.50%"
"05/30/2021","1,187.45","1,184.70","1,187.90","1,183.60","","0.07%"
"05/28/2021","1,186.60","1,185.00","1,191.00","1,175.00","0.85K","0.27%"
"05/27/2021","1,183.40","1,200.00","1,204.90","1,175.90","1.81K","-1.51%"
"05/26/2021","1,201.60","1,198.40","1,217.25","1,191.70","","0.05%"
"05/25/2021","1,201.00","1,175.00","1,203.20","1,173.00","1.58K","1.64%"
"05/24/2021","1,181.60","1,171.00","1,187.00","1,165.90","1.26K","0.60%"
"05/23/2021","1,174.60","1,169.95","1,177.30","1,166.85","","0.10%"
"05/21/2021","1,173.40","1,203.80","1,210.30","1,171.40","1.48K","-2.90%"
"05/20/2021","1,208.50","1,199.90","1,213.50","1,199.90","0.10K","0.29%"
"05/19/2021","1,205.00","1,225.00","1,227.50","1,189.70","0.35K","-1.93%"
"05/18/2021","1,228.70","1,248.50","1,255.80","1,219.00","0.35K","-1.54%"
"05/17/2021","1,247.90","1,238.40","1,250.40","1,233.50","0.23K","1.34%"
"05/16/2021","1,231.40","1,227.80","1,235.40","1,227.80","","0.43%"
"05/14/2021","1,226.10","1,219.70","1,239.00","1,219.70","0.11K","1.36%"
"05/13/2021","1,209.70","1,220.00","1,225.50","1,203.60","0.46K","-1.59%"
"05/12/2021","1,229.20","1,243.20","1,251.00","1,216.90","0.39K","-1.25%"
"05/11/2021","1,244.80","1,253.00","1,258.20","1,220.00","0.48K","-1.91%"
"05/10/2021","1,269.00","1,257.60","1,281.20","1,255.20","0.23K","0.61%"
"05/09/2021","1,261.25","1,252.60","1,263.00","1,252.60","","0.27%"
"05/07/2021","1,257.90","1,259.00","1,276.40","1,245.00","0.35K","-0.24%"
"05/06/2021","1,260.90","1,228.20","1,261.20","1,225.00","0.20K","2.32%"
"05/05/2021","1,232.30","1,240.00","1,248.20","1,219.00","0.20K","-0.24%"
"05/04/2021","1,235.30","1,238.60","1,275.00","1,225.00","0.36K","0.14%"
"05/03/2021","1,233.60","1,207.00","1,250.90","1,199.00","0.14K","2.53%"
"05/02/2021","1,203.20","1,203.60","1,204.50","1,200.00","","-0.46%"
"04/30/2021","1,208.70","1,210.10","1,229.30","1,202.60","0.27K","0.63%"
"04/29/2021","1,201.10","1,226.10","1,231.60","1,180.00","0.15K","-0.92%"
"04/28/2021","1,212.20","1,235.80","1,235.80","1,207.50","14.60K","-2.99%"
"04/27/2021","1,249.50","1,248.30","1,261.80","1,232.30","12.52K","0.35%"
"04/26/2021","1,245.20","1,233.80","1,253.80","1,230.50","11.19K","0.74%"
"04/25/2021","1,236.00","1,234.70","1,238.00","1,233.15","","0.24%"
"04/23/2021","1,233.10","1,208.50","1,256.70","1,204.50","19.04K","2.04%"
"04/22/2021","1,208.50","1,217.00","1,221.90","1,200.30","10.38K","-0.51%"
"04/21/2021","1,214.70","1,189.00","1,223.30","1,186.30","14.03K","1.54%"
"04/20/2021","1,196.30","1,212.40","1,214.50","1,185.10","13.35K","-0.85%"
"04/19/2021","1,206.50","1,207.40","1,231.90","1,202.30","10.73K","0.10%"
"04/18/2021","1,205.35","1,206.70","1,207.50","1,203.90","","-0.28%"
"04/16/2021","1,208.70","1,199.60","1,212.90","1,192.30","8.82K","0.71%"
"04/15/2021","1,200.20","1,174.00","1,207.20","1,172.60","12.56K","1.94%"
"04/14/2021","1,177.40","1,159.40","1,188.00","1,158.10","13.95K","1.75%"
"04/13/2021","1,157.10","1,174.80","1,186.40","1,155.60","19.64K","-1.51%"
"04/12/2021","1,174.80","1,208.30","1,209.40","1,168.90","12.97K","-2.70%"
"04/11/2021","1,207.40","1,205.75","1,208.50","1,202.80","","-0.16%"
"04/09/2021","1,209.30","1,236.10","1,237.50","1,193.20","13.57K","-2.11%"
"04/08/2021","1,235.40","1,234.40","1,243.70","1,222.10","8.23K","0.28%"
"04/07/2021","1,231.90","1,245.70","1,252.50","1,226.40","12.65K","-0.69%"
"04/06/2021","1,240.50","1,215.80","1,248.70","1,202.80","12.52K","2.54%"
"04/05/2021","1,209.80","1,216.90","1,225.00","1,196.50","7.01K","-0.91%"
"04/04/2021","1,220.90","1,214.25","1,224.90","1,214.00","","1.02%"
"04/01/2021","1,208.60","1,191.40","1,217.50","1,176.60","","1.44%"
"03/31/2021","1,191.50","1,159.50","1,198.30","1,159.10","11.56K","2.66%"
"03/30/2021","1,160.60","1,180.40","1,189.90","1,156.20","14.98K","-1.93%"
"03/29/2021","1,183.40","1,190.55","1,205.50","1,166.60","","-0.60%"
"03/28/2021","1,190.50","1,195.30","1,195.30","1,188.60","","0.74%"
"03/26/2021","1,181.70","1,156.10","1,194.90","1,154.20","11.46K","2.00%"
"03/25/2021","1,158.50","1,177.60","1,188.40","1,148.50","14.91K","-2.22%"
"03/24/2021","1,184.80","1,172.80","1,194.50","1,166.00","9.58K","0.51%"
"03/23/2021","1,178.80","1,191.00","1,200.40","1,172.50","6.31K","-0.78%"
"03/22/2021","1,188.10","1,200.60","1,200.60","1,167.70","7.41K","0.01%"
"03/21/2021","1,188.00","1,197.45","1,198.70","1,186.70","","-1.34%"
"03/19/2021","1,204.10","1,215.50","1,218.70","1,175.90","3.78K","-1.43%"
"03/18/2021","1,221.60","1,219.10","1,237.70","1,211.30","3.92K","1.50%"
"03/17/2021","1,203.60","1,220.10","1,225.30","1,193.00","3.41K","-1.62%"
"03/16/2021","1,223.40","1,224.50","1,244.00","1,210.40","4.69K","0.78%"
"03/15/2021","1,213.90","1,211.90","1,228.40","1,206.00","2.49K","0.59%"
"03/14/2021","1,206.80","1,206.60","1,219.90","1,204.60","","0.20%"
"03/12/2021","1,204.40","1,207.00","1,219.00","1,176.20","2.59K","-0.22%"
"03/11/2021","1,207.00","1,213.50","1,236.10","1,200.40","3.49K","0.03%"
"03/10/2021","1,206.60","1,180.70","1,213.20","1,160.00","2.73K","2.25%"
"03/09/2021","1,180.00","1,145.70","1,186.30","1,141.50","2.64K","2.02%"
"03/08/2021","1,156.60","1,137.60","1,161.40","1,124.40","3.55K","1.24%"
"03/07/2021","1,142.45","1,131.30","1,142.55","1,129.00","","0.84%"
"03/05/2021","1,132.90","1,135.50","1,138.70","1,115.20","1.82K","-0.61%"
"03/04/2021","1,139.90","1,174.50","1,187.30","1,124.80","2.44K","-3.94%"
"03/03/2021","1,186.60","1,211.00","1,221.40","1,170.70","3.72K","-2.63%"
"03/02/2021","1,218.60","1,196.00","1,220.90","1,178.20","2.60K","1.97%"
"03/01/2021","1,195.10","1,186.40","1,234.60","1,186.40","1.42K","-0.84%"
"02/28/2021","1,205.25","1,193.95","1,209.00","1,187.05","","1.34%"
"02/26/2021","1,189.30","1,226.80","1,242.00","1,175.60","0.72K","-3.75%"
"02/25/2021","1,235.70","1,274.10","1,277.20","1,226.80","1.60K","-1.87%"
"02/24/2021","1,259.20","1,260.55","1,278.80","1,241.80","","1.21%"
"02/23/2021","1,244.10","1,288.80","1,290.00","1,222.30","1.90K","-3.29%"
"02/22/2021","1,286.40","1,292.80","1,313.00","1,275.00","1.41K","-0.86%"
"02/21/2021","1,297.60","1,283.25","1,305.60","1,283.15","","0.04%"
"02/19/2021","1,297.10","1,290.20","1,313.10","1,244.40","1.16K","1.47%"
"02/18/2021","1,278.30","1,278.00","1,299.00","1,259.50","0.49K","1.34%"
"02/17/2021","1,261.40","1,271.80","1,275.80","1,236.20","0.76K","-1.68%"
"02/16/2021","1,282.90","1,274.00","1,351.20","1,270.00","1.37K","-2.72%"
"02/15/2021","1,318.75","1,271.40","1,320.25","1,270.60","","3.72%"
"02/14/2021","1,271.45","1,264.25","1,272.20","1,264.00","","0.79%"
"02/12/2021","1,261.50","1,246.00","1,265.80","1,225.00","0.38K","0.94%"
"02/11/2021","1,249.80","1,248.80","1,282.40","1,237.70","0.43K","0.01%"
"02/10/2021","1,249.70","1,199.10","1,265.70","1,199.10","0.88K","4.44%"
"02/09/2021","1,196.60","1,180.00","1,208.00","1,180.00","0.39K","1.64%"
"02/08/2021","1,177.30","1,140.60","1,188.80","1,140.60","0.33K","2.79%"
"02/07/2021","1,145.40","1,134.20","1,152.20","1,134.20","","0.82%"
"02/05/2021","1,136.10","1,110.30","1,140.60","1,110.00","0.26K","2.80%"
"02/04/2021","1,105.20","1,114.40","1,114.40","1,088.00","0.44K","-1.05%"
"02/03/2021","1,116.90","1,106.00","1,117.20","1,103.00","0.26K","1.74%"
"02/02/2021","1,097.80","1,136.80","1,136.80","1,095.70","0.24K","-3.73%"
"02/01/2021","1,140.30","1,098.00","1,143.00","1,098.00","1.24K","3.84%"
"01/31/2021","1,098.10","1,086.05","1,109.00","1,086.05","","1.36%"
"01/29/2021","1,083.40","1,081.40","1,124.00","1,079.10","0.23K","0.64%"
"01/28/2021","1,076.50","1,072.70","1,108.00","1,059.80","0.29K","-0.23%"
"01/27/2021","1,079.00","1,108.00","1,108.00","1,064.10","14.02K","-2.56%"
"01/26/2021","1,107.40","1,104.70","1,113.80","1,085.00","8.66K","0.24%"
"01/25/2021","1,104.70","1,110.20","1,125.30","1,086.20","12.13K","-0.69%"
"01/24/2021","1,112.35","1,111.10","1,117.10","1,110.10","","0.07%"
"01/22/2021","1,111.60","1,137.10","1,138.80","1,092.60","13.14K","-1.45%"
"01/21/2021","1,128.00","1,121.00","1,163.40","1,105.80","17.10K","1.04%"
"01/20/2021","1,116.40","1,093.30","1,124.20","1,085.40","10.77K","2.23%"
"01/19/2021","1,092.00","1,079.80","1,109.70","1,072.00","14.72K","-0.56%"
"01/18/2021","1,098.10","1,072.30","1,100.00","1,072.30","","2.41%"
"01/17/2021","1,072.30","1,079.20","1,089.10","1,072.20","","-1.61%"